id;street_address;postal_code;city;state_province;appartment
1;Secured Program;the program Ghana;West Hopefort;Soft Colombia;installation International generating
2;Chief;connecting;New Silas;harness Secured tangible;Bike Representative
3;Granite;hour Savings leading-edge;Stratford;Concrete Islands;up Licensed Forward
4;Accounts Venezuela Plastic;transmitting;Lake Dedrick;e-services;Monaco Business-focused RAM
5;Designer Austria;Generic;Carson;Tactics infomediaries Guadeloupe;synthesize
6;Bedfordshire Technician;pixel auxiliary Korea;Gardena;online;Forward
7;connect Toys Assurance;teal;West Xzavier;bandwidth blue drive;wireless payment Nigeria
8;Fresh Market;Granite Designer;North Triston;Rapid viral Haven;Strategist turn-key
9;compressing;up PCI;Port Orionview;architect Keyboard;Liberia Franc
10;eyeballs Cameroon;navigate;Koelpinborough;Manager Granite Mexico;web-readiness program Concrete
